category_id,category_name,description
CAT-101,Electronics,"Consumer electronics, smartphones, laptops, audio gear, and personal computing accessories."
CAT-102,Fashion,"Men and women apparel, ethnic wear, footwear, activewear, and western outfits."
CAT-103,"Home & Kitchen","Kitchen appliances, cookware, home decor, dinnerware, and storage solutions."
CAT-104,"Beauty & Personal Care","Skincare, haircare, makeup, grooming kits, and personal hygiene products."
CAT-105,Accessories,"Bags, wallets, watches, sunglasses, belts, and fashion jewelry."
CAT-106,"Sports & Fitness","Gym equipment, yoga mats, sports accessories, active gear, and outdoor equipment."
CAT-107,"Grocery & Gourmet","Daily essentials, packaged food, beverages, organic snacks, and spices."
CAT-108,"Books & Stationery","Fiction, non-fiction, academic textbooks, notebooks, office supplies, and art materials."
CAT-109,Furniture,"Living room, bedroom, office furniture, study tables, and ergonomic seating."
CAT-110,"Toys & Baby Care","Educational toys, board games, baby clothing, diapers, and nursing essentials."
CAT-111,"Pet Supplies","Dog and cat food, grooming supplies, toys, collars, and pet health accessories."
CAT-112,"Automotive Accessories","Car care kits, bike helmets, mobile mounts, seat covers, and electronic accessories."
CAT-113,"Health & Wellness","Nutritional supplements, fitness drinks, medical devices, and wellness products."
CAT-114,"Travel & Luggage","Trolley bags, backpacks, duffel bags, travel pillows, and passport organizers."
CAT-115,"Gaming & Entertainment","Gaming consoles, controllers, VR gear, board games, and gaming headsets."
