city,customers,orders,revenue
Delhi,8,17,100986.00
Jodhpur,1,2,83485.00
Pune,2,5,81863.00
Lucknow,1,2,75198.00
Kolkata,3,6,53745.00
Jaipur,1,3,44548.00
Mumbai,7,16,29191.00
Nagpur,2,5,28892.00
Mangalore,3,6,26608.00
Guwahati,1,2,22248.00
Punjab,1,2,20690.00
Gurugram,2,5,20043.00
Kochi,1,2,18740.00
Bareilly,1,2,18298.00
Rajkot,1,2,12998.00
Thiruvananthapuram,1,3,11797.00
Dehradun,2,3,11593.00
Bengaluru,3,7,11274.00
Ludhiana,1,2,11099.00
Faridabad,1,2,10498.00
Surat,2,5,10096.00
Mysore,1,2,9998.00
Gorakhpur,1,2,9398.00
Bilaspur,1,1,8999.00
Kollam,1,2,8698.00
Hyderabad,2,4,8397.00
Salem,1,2,8189.00
Bhubaneswar,1,2,7789.00
Ballia,1,2,7098.00
Bhopal,1,2,6959.00
Indore,1,2,6549.00
Raipur,1,1,6499.00
Patna,2,3,6397.00
Jamshedpur,1,2,5749.00
Jammu,1,2,5098.00
Ahmedabad,2,5,4992.00
Srinagar,1,3,4778.00
Chandigarh,1,2,4498.00
Madurai,1,1,4299.00
Thane,2,3,4197.00
Siliguri,1,2,4194.00
Aligarh,1,2,4148.00
Allahabad,1,2,3794.00
Noida,1,2,3549.00
Chennai,2,4,3547.00
Aurangabad,1,2,3494.00
Gaya,1,2,3298.00
Pataudi,1,2,3198.00
Visakhapatnam,1,2,3149.00
Agra,1,2,3149.00
Jalandhar,1,1,2799.00
Vijayawada,1,2,2699.00
Hubli,1,2,2600.00
Shimla,1,2,2540.00
Cuttack,1,2,2498.00
Kolhapur,1,2,2439.00
"Navi Mumbai",1,2,2298.00
Udaipur,1,2,2149.00
Varanasi,1,3,1993.00
Coimbatore,1,2,1898.00
Kanpur,1,2,1775.00
Tirupati,1,2,1598.00
Meerut,1,2,1398.00
Ranchi,1,1,1299.00
Amritsar,1,2,1230.00
Vadodara,1,2,949.00
Nashik,1,2,619.00
Thrissur,1,1,380.00
