customer_id,customer_name,total_orders,total_spent,average_order_value
CUST-1032,"Monika Bishnoi",2,83485.00,41742.500000
CUST-1010,"Pooja Joshi",3,79488.00,26496.000000
CUST-1008,"Kavya Gupta",2,75198.00,37599.000000
CUST-1003,"Rohan Verma",3,65387.00,21795.666667
CUST-1005,"Vikram Singh",3,44548.00,14849.333333
CUST-1085,"Kunal Khemu",2,24698.00,12349.000000
CUST-1083,"Nitin Gadkari",2,23799.00,11899.500000
CUST-1009,"Siddharth Mukherjee",2,22498.00,11249.000000
CUST-1013,"Rahul Das",2,22248.00,11124.000000
CUST-1086,"Richa Chadha",2,20690.00,10345.000000
CUST-1088,"Pooja Hegde",2,18880.00,9440.000000
CUST-1007,"Aditya Nair",2,18740.00,9370.000000
CUST-1076,"Suman Lata",2,18298.00,9149.000000
CUST-1095,"Rajkummar Rao",3,15449.00,5149.666667
CUST-1044,"Radhika Shah",2,12998.00,6499.000000
CUST-1023,"Suresh Pillai",3,11797.00,3932.333333
CUST-1021,"Gaurav Bhatia",2,11099.00,5549.500000
CUST-1047,"Ashok Kumar",2,10498.00,5249.000000
CUST-1038,"Archana Gowda",2,9998.00,4999.000000
CUST-1033,"Pankaj Tripathi",2,9398.00,4699.000000
CUST-1031,"Harish Chandra",2,9394.00,4697.000000
CUST-1092,"Yami Gautam",1,8999.00,8999.000000
CUST-1057,"Rakesh Pillai",2,8698.00,4349.000000
CUST-1065,"Kishore Kumar",2,8189.00,4094.500000
CUST-1041,"Deepak Chawla",2,7999.00,3999.500000
CUST-1074,"Kriti Sanon",2,7998.00,3999.000000
CUST-1017,"Karan Mehta",2,7798.00,3899.000000
CUST-1015,"Amitav Roy",2,7789.00,3894.500000
CUST-1037,"Sanjay Dutt",2,7498.00,3749.000000
CUST-1097,"Siddhant Chaturvedi",2,7098.00,3549.000000
CUST-1029,"Abhishek Jain",2,6959.00,3479.500000
CUST-1098,"Sanya Malhotra",2,6959.00,3479.500000
CUST-1096,"Bhumi Pednekar",2,6950.00,3475.000000
CUST-1016,"Neha Agarwal",2,6549.00,3274.500000
CUST-1040,"Payal Sen",2,6549.00,3274.500000
CUST-1039,"Manoj Shukla",1,6499.00,6499.000000
CUST-1080,"Monica Geller",2,5798.00,2899.000000
CUST-1099,"Adarsh Gourav",2,5749.00,2874.500000
CUST-1051,"Girish Reddy",2,5598.00,2799.000000
CUST-1087,"Gautam Gambhir",2,5298.00,2649.000000
CUST-1035,"Tarun Nanda",2,5098.00,2549.000000
CUST-1014,"Meera Kulkarni",3,5093.00,1697.666667
CUST-1082,"Aamna Sharif",3,4778.00,1592.666667
CUST-1062,"Shruti Shetty",2,4679.00,2339.500000
CUST-1059,"Devendra Yadav",2,4594.00,2297.000000
CUST-1020,"Ritu Choudhury",2,4498.00,2249.000000
CUST-1058,"Meenakshi Sundaram",1,4299.00,4299.000000
CUST-1045,"Vishal Prasad",1,4299.00,4299.000000
CUST-1060,"Pallavi Biswas",2,4194.00,2097.000000
CUST-1079,"Pradeep Rawat",2,4148.00,2074.000000
CUST-1012,"Divya Rao",3,4078.00,1359.333333
CUST-1001,"Aarav Sharma",3,3829.00,1276.333333
CUST-1027,"Rajesh Mishra",2,3794.00,1897.000000
CUST-1053,"Pranav Anand",2,3549.00,1774.500000
CUST-1050,"Rashmi Kulkarni",2,3494.00,1747.000000
CUST-1048,"Jhanvi Sinha",2,3298.00,1649.000000
CUST-1090,"Sara Ali Khan",2,3198.00,1599.000000
CUST-1043,"Alok Pandey",2,3149.00,1574.500000
CUST-1026,"Deepika Reddy",2,3149.00,1574.500000
CUST-1093,"Vicky Kaushal",2,3148.00,1574.000000
CUST-1063,"Chetan Bhagat",3,3148.00,1049.333333
CUST-1030,"Swati Shenoy",2,3049.00,1524.500000
CUST-1089,"Varun Dhawan",3,2923.00,974.333333
CUST-1094,"Taapsee Pannu",2,2898.00,1449.000000
CUST-1056,"Sunita Mahajan",1,2799.00,2799.000000
CUST-1006,"Sneha Reddi",2,2799.00,1399.500000
CUST-1002,"Priya Patel",3,2798.00,932.666667
CUST-1049,"Siddhesh Parab",2,2794.00,1397.000000
CUST-1064,"Anusha Raju",2,2699.00,1349.500000
CUST-1054,"Bhakti Thakur",2,2698.00,1349.000000
CUST-1042,"Nidhi Hegde",2,2600.00,1300.000000
CUST-1075,"Dinesh Karthik",2,2598.00,1299.000000
CUST-1055,"Hemant Negi",2,2540.00,1270.000000
CUST-1069,"Naveen Pattanaik",2,2498.00,1249.000000
CUST-1077,"Tushar Deshpande",2,2439.00,1219.500000
CUST-1072,"Aditi Bangar",2,2375.00,1187.500000
CUST-1081,"Jiten Zaveri",3,2298.00,766.000000
CUST-1066,"Tanvi Mahadik",2,2298.00,1149.000000
CUST-1078,"Vandana Shiva",1,2199.00,2199.000000
CUST-1071,"Chirag Parekh",2,2194.00,1097.000000
CUST-1061,"Yash Somani",2,2149.00,1074.500000
CUST-1011,"Manish Kumar",2,2098.00,1049.000000
CUST-1084,"Rupali Ganguly",2,2049.00,1024.500000
CUST-1018,"Shweta Pandey",3,1993.00,664.333333
CUST-1024,"Tanya Menon",2,1898.00,949.000000
CUST-1019,"Nitin Saxena",2,1775.00,887.500000
CUST-1073,"Bhaskar Rao",2,1598.00,799.000000
CUST-1022,"Isha Deshmukh",1,1499.00,1499.000000
CUST-1068,"Geeta Rani",2,1398.00,699.000000
CUST-1004,"Ananya Iyer",2,1398.00,699.000000
CUST-1025,"Varun Kapoor",1,1299.00,1299.000000
CUST-1034,"Shalini Varma",1,1299.00,1299.000000
CUST-1028,"Simran Kaur",2,1230.00,615.000000
CUST-1036,"Bhavna Bhatt",2,949.00,474.500000
CUST-1052,"Aishwarya Ram",2,949.00,474.500000
CUST-1046,"Krutika Mane",2,619.00,309.500000
CUST-1070,"Reena Solomon",1,380.00,380.000000
