customer_id,customer_name,total_spent,customer_segment
CUST-1003,"Rohan Verma",65387.00,"Medium Value"
CUST-1012,"Divya Rao",4078.00,"Low Value"
CUST-1045,"Vishal Prasad",4299.00,"Low Value"
CUST-1089,"Varun Dhawan",2923.00,"Low Value"
CUST-1001,"Aarav Sharma",3829.00,"Low Value"
CUST-1023,"Suresh Pillai",11797.00,"Low Value"
CUST-1014,"Meera Kulkarni",5093.00,"Low Value"
CUST-1092,"Yami Gautam",8999.00,"Low Value"
CUST-1034,"Shalini Varma",1299.00,"Low Value"
CUST-1078,"Vandana Shiva",2199.00,"Low Value"
CUST-1005,"Vikram Singh",44548.00,"Low Value"
CUST-1056,"Sunita Mahajan",2799.00,"Low Value"
CUST-1022,"Isha Deshmukh",1499.00,"Low Value"
CUST-1081,"Jiten Zaveri",2298.00,"Low Value"
CUST-1039,"Manoj Shukla",6499.00,"Low Value"
CUST-1010,"Pooja Joshi",79488.00,"Medium Value"
CUST-1063,"Chetan Bhagat",3148.00,"Low Value"
CUST-1095,"Rajkummar Rao",15449.00,"Low Value"
CUST-1018,"Shweta Pandey",1993.00,"Low Value"
CUST-1042,"Nidhi Hegde",2600.00,"Low Value"
CUST-1071,"Chirag Parekh",2194.00,"Low Value"
CUST-1008,"Kavya Gupta",75198.00,"Medium Value"
CUST-1050,"Rashmi Kulkarni",3494.00,"Low Value"
CUST-1086,"Richa Chadha",20690.00,"Low Value"
CUST-1029,"Abhishek Jain",6959.00,"Low Value"
CUST-1064,"Anusha Raju",2699.00,"Low Value"
CUST-1017,"Karan Mehta",7798.00,"Low Value"
CUST-1099,"Adarsh Gourav",5749.00,"Low Value"
CUST-1002,"Priya Patel",2798.00,"Low Value"
CUST-1033,"Pankaj Tripathi",9398.00,"Low Value"
CUST-1075,"Dinesh Karthik",2598.00,"Low Value"
CUST-1020,"Ritu Choudhury",4498.00,"Low Value"
CUST-1058,"Meenakshi Sundaram",4299.00,"Low Value"
CUST-1006,"Sneha Reddi",2799.00,"Low Value"
CUST-1040,"Payal Sen",6549.00,"Low Value"
CUST-1083,"Nitin Gadkari",23799.00,"Low Value"
CUST-1027,"Rajesh Mishra",3794.00,"Low Value"
CUST-1061,"Yash Somani",2149.00,"Low Value"
CUST-1015,"Amitav Roy",7789.00,"Low Value"
CUST-1052,"Aishwarya Ram",949.00,"Low Value"
CUST-1088,"Pooja Hegde",18880.00,"Low Value"
CUST-1025,"Varun Kapoor",1299.00,"Low Value"
CUST-1070,"Reena Solomon",380.00,"Low Value"
CUST-1009,"Siddharth Mukherjee",22498.00,"Low Value"
CUST-1047,"Ashok Kumar",10498.00,"Low Value"
CUST-1094,"Taapsee Pannu",2898.00,"Low Value"
CUST-1031,"Harish Chandra",9394.00,"Low Value"
CUST-1066,"Tanvi Mahadik",2298.00,"Low Value"
CUST-1019,"Nitin Saxena",1775.00,"Low Value"
CUST-1055,"Hemant Negi",2540.00,"Low Value"
CUST-1098,"Sanya Malhotra",6959.00,"Low Value"
CUST-1011,"Manish Kumar",2098.00,"Low Value"
CUST-1044,"Radhika Shah",12998.00,"Low Value"
CUST-1079,"Pradeep Rawat",4148.00,"Low Value"
CUST-1021,"Gaurav Bhatia",11099.00,"Low Value"
CUST-1060,"Pallavi Biswas",4194.00,"Low Value"
CUST-1097,"Siddhant Chaturvedi",7098.00,"Low Value"
CUST-1004,"Ananya Iyer",1398.00,"Low Value"
CUST-1037,"Sanjay Dutt",7498.00,"Low Value"
CUST-1073,"Bhaskar Rao",1598.00,"Low Value"
CUST-1016,"Neha Agarwal",6549.00,"Low Value"
CUST-1051,"Girish Reddy",5598.00,"Low Value"
CUST-1084,"Rupali Ganguly",2049.00,"Low Value"
CUST-1028,"Simran Kaur",1230.00,"Low Value"
CUST-1065,"Kishore Kumar",8189.00,"Low Value"
CUST-1096,"Bhumi Pednekar",6950.00,"Low Value"
CUST-1007,"Aditya Nair",18740.00,"Low Value"
CUST-1049,"Siddhesh Parab",2794.00,"Low Value"
CUST-1082,"Aamna Sharif",4778.00,"Low Value"
CUST-1026,"Deepika Reddy",3149.00,"Low Value"
CUST-1059,"Devendra Yadav",4594.00,"Low Value"
CUST-1090,"Sara Ali Khan",3198.00,"Low Value"
CUST-1013,"Rahul Das",22248.00,"Low Value"
CUST-1048,"Jhanvi Sinha",3298.00,"Low Value"
CUST-1080,"Monica Geller",5798.00,"Low Value"
CUST-1032,"Monika Bishnoi",83485.00,"Medium Value"
CUST-1068,"Geeta Rani",1398.00,"Low Value"
CUST-1036,"Bhavna Bhatt",949.00,"Low Value"
CUST-1074,"Kriti Sanon",7998.00,"Low Value"
CUST-1024,"Tanya Menon",1898.00,"Low Value"
CUST-1057,"Rakesh Pillai",8698.00,"Low Value"
CUST-1093,"Vicky Kaushal",3148.00,"Low Value"
CUST-1038,"Archana Gowda",9998.00,"Low Value"
CUST-1072,"Aditi Bangar",2375.00,"Low Value"
CUST-1046,"Krutika Mane",619.00,"Low Value"
CUST-1085,"Kunal Khemu",24698.00,"Low Value"
CUST-1053,"Pranav Anand",3549.00,"Low Value"
CUST-1087,"Gautam Gambhir",5298.00,"Low Value"
CUST-1030,"Swati Shenoy",3049.00,"Low Value"
CUST-1062,"Shruti Shetty",4679.00,"Low Value"
CUST-1041,"Deepak Chawla",7999.00,"Low Value"
CUST-1077,"Tushar Deshpande",2439.00,"Low Value"
CUST-1054,"Bhakti Thakur",2698.00,"Low Value"
CUST-1069,"Naveen Pattanaik",2498.00,"Low Value"
CUST-1035,"Tarun Nanda",5098.00,"Low Value"
CUST-1076,"Suman Lata",18298.00,"Low Value"
CUST-1043,"Alok Pandey",3149.00,"Low Value"
