month,total_orders,revenue,average_order_value
2023-01,7,29118.00,4159.714286
2023-02,7,59244.00,8463.428571
2023-03,8,103640.00,12955.000000
2023-04,8,19241.00,2405.125000
2023-05,6,13794.00,2299.000000
2023-06,8,51267.00,6408.375000
2023-07,8,22120.00,2765.000000
2023-08,7,25939.00,3705.571429
2023-09,8,17017.00,2127.125000
2023-10,8,14438.00,1804.750000
2023-11,7,81735.00,11676.428571
2023-12,8,73266.00,9158.250000
2024-01,8,16042.00,2005.250000
2024-02,7,27943.00,3991.857143
2024-03,8,7837.00,979.625000
2024-04,7,33597.00,4799.571429
2024-05,8,37426.00,4678.250000
2024-06,7,16393.00,2341.857143
2024-07,8,11987.00,1498.375000
2024-08,8,23193.00,2899.125000
2024-09,7,33187.00,4741.000000
2024-10,8,37450.00,4681.250000
2024-11,8,30689.00,3836.125000
2024-12,7,11576.00,1653.714286
2025-01,8,18130.00,2266.250000
2025-02,7,82985.00,11855.000000
2025-03,2,1898.00,949.000000
