customer_id,customer_name,gender,age,city,state,email,phone,signup_date,customer_segment
CUST-1001,"Aarav Sharma",Male,29,Mumbai,Maharashtra,aarav.sharma@gmail.com,9820011223,2023-01-15,Regular
CUST-1002,"Priya Patel",Female,34,Ahmedabad,Gujarat,priya.patel@yahoo.com,9898022334,2023-01-18,Premium
CUST-1003,"Rohan Verma",Male,22,Delhi,Delhi,rohan.v@hotmail.com,NULL,2023-01-22,New
CUST-1004,"Ananya Iyer",Female,41,Bengaluru,Karnataka,ananya.iyer@gmail.com,9740033445,2023-02-01,Regular
CUST-1005,"Vikram Singh",Male,52,Jaipur,Rajasthan,vikram.singh@rediffmail.com,9414044556,2023-02-05,Inactive
CUST-1006,"Sneha Reddi",Female,27,Hyderabad,Telangana,sneha.r@gmail.com,9989055667,2023-02-12,Regular
CUST-1007,"Aditya Nair",Male,31,Kochi,Kerala,aditya.nair@outlook.com,9846066778,2023-02-20,Premium
CUST-1008,"Kavya Gupta",Female,24,Lucknow,"Uttar Pradesh",NULL,9415077889,2023-03-02,New
CUST-1009,"Siddharth Mukherjee",Male,45,Kolkata,"West Bengal",siddharth.m@gmail.com,9830088990,2023-03-08,Regular
CUST-1010,"Pooja Joshi",Female,38,Pune,Maharashtra,pooja.joshi@gmail.com,9822099001,2023-03-15,Regular
CUST-1011,"Manish Kumar",Male,28,Patna,Bihar,manish.k@yahoo.com,9334011223,2023-03-22,New
CUST-1012,"Divya Rao",Female,33,Bengaluru,Karnataka,divya.rao@gmail.com,9845022334,2023-04-01,Premium
CUST-1013,"Rahul Das",Male,50,Guwahati,Assam,rahul.das@gmail.com,NULL,2023-04-10,Regular
CUST-1014,"Meera Kulkarni",Female,26,Nagpur,Maharashtra,meera.k@outlook.com,9823044556,2023-04-15,New
CUST-1015,"Amitav Roy",Male,39,Bhubaneswar,Odisha,amitav.roy@gmail.com,9437055667,2023-04-25,Regular
CUST-1016,"Neha Agarwal",Female,29,Indore,"Madhya Pradesh",neha.a@yahoo.com,9826066778,2023-05-02,Regular
CUST-1017,"Karan Mehta",Male,36,Surat,Gujarat,karan.m@gmail.com,9825077889,2023-05-11,Premium
CUST-1018,"Shweta Pandey",Female,23,Varanasi,"Uttar Pradesh",shweta.p@gmail.com,9415088990,2023-05-18,New
CUST-1019,"Nitin Saxena",Male,42,Kanpur,"Uttar Pradesh",nitin.s@rediffmail.com,9839099001,2023-05-27,Inactive
CUST-1020,"Ritu Choudhury",Female,30,Chandigarh,Punjab,NULL,9814011223,2023-06-05,Regular
CUST-1021,"Gaurav Bhatia",Male,35,Ludhiana,Punjab,gaurav.b@gmail.com,9815022334,2023-06-12,Regular
CUST-1022,"Isha Deshmukh",Female,27,Thane,Maharashtra,isha.d@gmail.com,9820033445,2023-06-20,Regular
CUST-1023,"Suresh Pillai",Male,58,Thiruvananthapuram,Kerala,suresh.p@yahoo.com,9447044556,2023-06-28,Regular
CUST-1024,"Tanya Menon",Female,32,Coimbatore,"Tamil Nadu",tanya.m@gmail.com,9842055667,2023-07-04,Premium
CUST-1025,"Varun Kapoor",Male,30,Delhi,Delhi,varun.k@gmail.com,9810066778,2023-07-14,Regular
CUST-1026,"Deepika Reddy",Female,25,Visakhapatnam,"Andhra Pradesh",deepika.r@hotmail.com,NULL,2023-07-22,New
CUST-1027,"Rajesh Mishra",Male,48,Allahabad,"Uttar Pradesh",rajesh.m@gmail.com,9415088111,2023-08-01,Regular
CUST-1028,"Simran Kaur",Female,28,Amritsar,Punjab,simran.k@yahoo.com,9814099222,2023-08-10,Regular
CUST-1029,"Abhishek Jain",Male,37,Bhopal,"Madhya Pradesh",abhishek.j@gmail.com,9827011333,2023-08-19,Premium
CUST-1030,"Swati Shenoy",Female,31,Mangalore,Karnataka,swati.s@outlook.com,9845022444,2023-08-28,Regular
CUST-1031,"Harish Chandra",Male,61,Dehradun,Uttarakhand,NULL,9412033555,2023-09-03,Inactive
CUST-1032,"Monika Bishnoi",Female,24,Jodhpur,Rajasthan,monika.b@gmail.com,9414044666,2023-09-12,New
CUST-1033,"Pankaj Tripathi",Male,43,Gorakhpur,"Uttar Pradesh",pankaj.t@gmail.com,9415055777,2023-09-21,Regular
CUST-1034,"Shalini Varma",Female,36,Ranchi,Jharkhand,shalini.v@yahoo.com,9431066888,2023-10-02,Regular
CUST-1035,"Tarun Nanda",Male,29,Jammu,"Jammu and Kashmir",tarun.n@gmail.com,9419077999,2023-10-11,Regular
CUST-1036,"Bhavna Bhatt",Female,40,Vadodara,Gujarat,bhavna.b@gmail.com,9825088000,2023-10-20,Premium
CUST-1037,"Sanjay Dutt",Male,54,Mumbai,Maharashtra,sanjay.d@rediffmail.com,NULL,2023-10-29,Regular
CUST-1038,"Archana Gowda",Female,28,Mysore,Karnataka,archana.g@gmail.com,9845011111,2023-11-05,Regular
CUST-1039,"Manoj Shukla",Male,33,Raipur,Chhattisgarh,manoj.s@gmail.com,9425022222,2023-11-14,New
CUST-1040,"Payal Sen",Female,26,Kolkata,"West Bengal",payal.sen@yahoo.com,9830033333,2023-11-23,Regular
CUST-1041,"Deepak Chawla",Male,32,Delhi,Delhi,deepak.c@gmail.com,9810044444,2023-12-01,Regular
CUST-1042,"Nidhi Hegde",Female,30,Hubli,Karnataka,nidhi.h@gmail.com,9845055555,2023-12-10,Regular
CUST-1043,"Alok Pandey",Male,46,Agra,"Uttar Pradesh",alok.p@outlook.com,9412066666,2023-12-18,Inactive
CUST-1044,"Radhika Shah",Female,35,Rajkot,Gujarat,radhika.s@gmail.com,9825077777,2023-12-27,Premium
CUST-1045,"Vishal Prasad",Male,27,Patna,Bihar,NULL,9334088888,2024-01-05,New
CUST-1046,"Krutika Mane",Female,29,Nashik,Maharashtra,krutika.m@gmail.com,9822099999,2024-01-14,Regular
CUST-1047,"Ashok Kumar",Male,55,Faridabad,Haryana,ashok.k@yahoo.com,9811000000,2024-01-22,Regular
CUST-1048,"Jhanvi Sinha",Female,22,Gaya,Bihar,jhanvi.s@gmail.com,9334011112,2024-02-02,New
CUST-1049,"Siddhesh Parab",Male,31,Mumbai,Maharashtra,siddhesh.p@gmail.com,9820022223,2024-02-11,Regular
CUST-1050,"Rashmi Kulkarni",Female,41,Aurangabad,Maharashtra,rashmi.k@hotmail.com,NULL,2024-02-20,Regular
CUST-1051,"Girish Reddy",Male,38,Hyderabad,Telangana,girish.r@gmail.com,9989033334,2024-03-01,Premium
CUST-1052,"Aishwarya Ram",Female,27,Chennai,"Tamil Nadu",aishwarya.r@gmail.com,9840044445,2024-03-09,Regular
CUST-1053,"Pranav Anand",Male,24,Noida,"Uttar Pradesh",pranav.a@gmail.com,9818055556,2024-03-18,New
CUST-1054,"Bhakti Thakur",Female,33,Thane,Maharashtra,bhakti.t@yahoo.com,9820066667,2024-03-27,Regular
CUST-1055,"Hemant Negi",Male,44,Shimla,"Himachal Pradesh",hemant.n@gmail.com,9418077778,2024-04-04,Regular
CUST-1056,"Sunita Mahajan",Female,49,Jalandhar,Punjab,NULL,9814088889,2024-04-12,Inactive
CUST-1057,"Rakesh Pillai",Male,36,Kollam,Kerala,rakesh.p@gmail.com,9847099990,2024-04-21,Regular
CUST-1058,"Meenakshi Sundaram",Female,51,Madurai,"Tamil Nadu",meena.s@gmail.com,9843000001,2024-04-29,Regular
CUST-1059,"Devendra Yadav",Male,30,Gurugram,Haryana,devendra.y@gmail.com,9810011112,2024-05-08,Premium
CUST-1060,"Pallavi Biswas",Female,28,Siliguri,"West Bengal",pallavi.b@outlook.com,9832022223,2024-05-16,New
CUST-1061,"Yash Somani",Male,23,Udaipur,Rajasthan,yash.s@gmail.com,9414033334,2024-05-25,New
CUST-1062,"Shruti Shetty",Female,32,Mangalore,Karnataka,shruti.s@gmail.com,NULL,2024-06-03,Regular
CUST-1063,"Chetan Bhagat",Male,47,Delhi,Delhi,chetan.b@yahoo.com,9810055556,2024-06-11,Regular
CUST-1064,"Anusha Raju",Female,29,Vijayawada,"Andhra Pradesh",anusha.r@gmail.com,9848066667,2024-06-20,Regular
CUST-1065,"Kishore Kumar",Male,53,Salem,"Tamil Nadu",kishore.k@gmail.com,9842077778,2024-06-28,Inactive
CUST-1066,"Tanvi Mahadik",Female,26,"Navi Mumbai",Maharashtra,tanvi.m@gmail.com,9820088889,2024-07-07,Premium
CUST-1067,"Saurabh Tiwari",Male,34,Gwalior,"Madhya Pradesh",saurabh.t@gmail.com,9425099990,2024-07-15,Regular
CUST-1068,"Geeta Rani",Female,42,Meerut,"Uttar Pradesh",NULL,9412000001,2024-07-24,Regular
CUST-1069,"Naveen Pattanaik",Male,39,Cuttack,Odisha,naveen.p@yahoo.com,9437011112,2024-08-01,Regular
CUST-1070,"Reena Solomon",Female,31,Thrissur,Kerala,reena.s@gmail.com,9846022223,2024-08-10,Regular
CUST-1071,"Chirag Parekh",Male,35,Ahmedabad,Gujarat,chirag.p@gmail.com,9898033334,2024-08-18,Regular
CUST-1072,"Aditi Bangar",Female,25,Pune,Maharashtra,aditi.b@gmail.com,9822044445,2024-08-27,New
CUST-1073,"Bhaskar Rao",Male,56,Tirupati,"Andhra Pradesh",bhaskar.r@hotmail.com,NULL,2024-09-04,Regular
CUST-1074,"Kriti Sanon",Female,30,Delhi,Delhi,kriti.s@gmail.com,9810066667,2024-09-12,Premium
CUST-1075,"Dinesh Karthik",Male,37,Chennai,"Tamil Nadu",dinesh.k@gmail.com,9840077778,2024-09-21,Regular
CUST-1076,"Suman Lata",Female,48,Bareilly,"Uttar Pradesh",suman.l@yahoo.com,9412088889,2024-09-29,Inactive
CUST-1077,"Tushar Deshpande",Male,28,Kolhapur,Maharashtra,tushar.d@gmail.com,9822099990,2024-10-08,Regular
CUST-1078,"Vandana Shiva",Female,52,Dehradun,Uttarakhand,vandana.s@gmail.com,9412000002,2024-10-16,Regular
CUST-1079,"Pradeep Rawat",Male,41,Aligarh,"Uttar Pradesh",pradeep.r@rediffmail.com,9412011113,2024-10-25,Regular
CUST-1080,"Monica Geller",Female,33,Bengaluru,Karnataka,NULL,9845022224,2024-11-02,Premium
CUST-1081,"Jiten Zaveri",Male,44,Surat,Gujarat,jiten.z@gmail.com,9825033335,2024-11-10,Regular
CUST-1082,"Aamna Sharif",Female,27,Srinagar,"Jammu and Kashmir",aamna.s@gmail.com,9419044446,2024-11-19,New
CUST-1083,"Nitin Gadkari",Male,62,Nagpur,Maharashtra,nitin.g@gmail.com,9823055557,2024-11-27,Regular
CUST-1084,"Rupali Ganguly",Female,43,Mumbai,Maharashtra,rupali.g@yahoo.com,9820066668,2024-12-05,Regular
CUST-1085,"Kunal Khemu",Male,36,Kolkata,"West Bengal",kunal.k@gmail.com,NULL,2024-12-14,Regular
CUST-1086,"Richa Chadha",Female,35,Punjab,Ludhiana,richa.c@gmail.com,9815088889,2024-12-22,Regular
CUST-1087,"Gautam Gambhir",Male,40,Delhi,Delhi,gautam.g@gmail.com,9810099990,2025-01-03,Premium
CUST-1088,"Pooja Hegde",Female,29,Mangalore,Karnataka,pooja.h@gmail.com,9845000001,2025-01-11,Regular
CUST-1089,"Varun Dhawan",Male,32,Mumbai,Maharashtra,varun.d@gmail.com,9820011112,2025-01-20,Regular
CUST-1090,"Sara Ali Khan",Female,26,Pataudi,Haryana,NULL,9811022223,2025-01-28,New
CUST-1091,"Ayushmann Khurrana",Male,37,Chandigarh,Punjab,ayush.k@gmail.com,9814033334,2025-02-05,Premium
CUST-1092,"Yami Gautam",Female,31,Bilaspur,"Himachal Pradesh",yami.g@gmail.com,9418044445,2025-02-14,Regular
CUST-1093,"Vicky Kaushal",Male,34,Mumbai,Maharashtra,vicky.k@yahoo.com,9820055556,2025-02-22,Regular
CUST-1094,"Taapsee Pannu",Female,32,Delhi,Delhi,taapsee.p@gmail.com,9810066667,2025-03-02,Regular
CUST-1095,"Rajkummar Rao",Male,35,Gurugram,Haryana,raj.rao@gmail.com,9810077778,2025-03-10,Regular
CUST-1096,"Bhumi Pednekar",Female,30,Mumbai,Maharashtra,bhumi.p@gmail.com,NULL,2025-03-19,New
CUST-1097,"Siddhant Chaturvedi",Male,28,Ballia,"Uttar Pradesh",siddhant.c@gmail.com,9415099990,2025-03-27,New
CUST-1098,"Sanya Malhotra",Female,27,Delhi,Delhi,sanya.m@outlook.com,9810000001,2025-04-04,Regular
CUST-1099,"Adarsh Gourav",Male,26,Jamshedpur,Jharkhand,adarsh.g@gmail.com,9431011112,2025-04-12,New
CUST-1100,"Sobhita Dhulipala",Female,29,Tenali,"Andhra Pradesh",sobhita.d@gmail.com,9848022223,2025-04-21,Regular
CUST-1101,"Vijay Verma",Male,36,Hyderabad,Telangana,vijay.v@gmail.com,9989033334,2025-04-29,Regular
CUST-1102,"Mrunal Thakur",Female,28,Dhule,Maharashtra,NULL,9822044445,2025-05-07,New
CUST-1103,"Jaideep Ahlawat",Male,41,Rohtak,Haryana,jaideep.a@yahoo.com,9811055556,2025-05-15,Regular
CUST-1104,"Radhika Apte",Female,34,Pune,Maharashtra,radhika.a@gmail.com,9822066667,2025-05-24,Premium
CUST-1105,"Pankaj Tripathi Jr",Male,21,Gopalganj,Bihar,pankaj.jr@gmail.com,9334077778,2025-06-01,New
CUST-1106,"Kalyani Priyadarshan",Female,27,Chennai,"Tamil Nadu",kalyani.p@gmail.com,9840088889,2025-06-09,Regular
CUST-1107,"Dulquer Salmaan",Male,35,Kochi,Kerala,dq.s@gmail.com,9846099990,2025-06-18,Premium
CUST-1108,"Rashmika Mandanna",Female,25,Virajpet,Karnataka,rashmika.m@gmail.com,NULL,2025-06-26,New
CUST-1109,"Fahadh Faasil",Male,39,Alappuzha,Kerala,fahadh.f@yahoo.com,9847011112,2025-07-04,Regular
CUST-1110,"Nithya Menen",Female,32,Bengaluru,Karnataka,nithya.m@gmail.com,9845022223,2025-07-12,Regular
CUST-1111,"Tovino Thomas",Male,33,Irinjalakuda,Kerala,tovino.t@gmail.com,9846033334,2025-07-21,Regular
CUST-1112,"Keerthy Suresh",Female,28,Chennai,"Tamil Nadu",keerthy.s@gmail.com,9840044445,2025-07-29,Regular
CUST-1113,"Prithviraj Sukumaran",Male,39,Trivandrum,Kerala,prithvi.s@outlook.com,9847055556,2025-08-06,Premium
CUST-1114,"Parvathy Thiruvothu",Female,33,Kozhikode,Kerala,parvathy.t@gmail.com,9846066667,2025-08-15,Regular
CUST-1115,"Nivin Pauly",Male,36,Aluva,Kerala,nivin.p@gmail.com,NULL,2025-08-23,Regular
CUST-1116,"Sai Pallavi",Female,29,Kotagiri,"Tamil Nadu",sai.p@gmail.com,9842088889,2025-09-01,Regular
CUST-1117,"Nani Ghanta",Male,37,Hyderabad,Telangana,nani.g@gmail.com,9989099990,2025-09-09,Premium
CUST-1118,"Samantha Ruth",Female,34,Chennai,"Tamil Nadu",samantha.r@yahoo.com,9840000001,2025-09-18,Regular
CUST-1119,"Naga Chaitanya",Male,34,Hyderabad,Telangana,chay.n@gmail.com,9989011112,2025-09-26,Regular
CUST-1120,"Pooja Ramachandran",Female,31,Bengaluru,Karnataka,pooja.r@gmail.com,9845022223,2025-10-04,New
CUST-1121,"Vijay Deverakonda",Male,32,Achampet,Telangana,vijay.d@gmail.com,9989033334,2025-10-12,Regular
CUST-1122,"Ritu Varma",Female,30,Hyderabad,Telangana,NULL,9989044445,2025-10-21,Regular
CUST-1123,"Adivi Sesh",Male,36,Hyderabad,Telangana,adivi.s@gmail.com,9989055556,2025-10-29,Regular
CUST-1124,"Anupama Parameswaran",Female,25,Irinjalakuda,Kerala,anupama.p@gmail.com,9846066667,2025-11-06,New
CUST-1125,"Naveen Polishetty",Male,31,Hyderabad,Telangana,naveen.p@gmail.com,9989077778,2025-11-15,New
CUST-1126,"Krithi Shetty",Female,21,Mangalore,Karnataka,krithi.s@outlook.com,9845088889,2025-11-23,New
CUST-1127,"Satyadev Kancharana",Male,32,Visakhapatnam,"Andhra Pradesh",satyadev.k@gmail.com,9848099990,2025-12-01,Regular
CUST-1128,"Nivetha Thomas",Female,26,Chennai,"Tamil Nadu",nivetha.t@gmail.com,9840000002,2025-12-10,Regular
CUST-1129,"Vishwak Sen",Male,28,Hyderabad,Telangana,vishwak.s@gmail.com,NULL,2025-12-18,New
CUST-1130,"Priya Bhavani",Female,29,Puducherry,Puducherry,priya.b@gmail.com,9842022224,2025-12-27,Regular
CUST-1131,"Karthik Sivakumar",Male,44,Chennai,"Tamil Nadu",karthi.s@yahoo.com,9840033335,2026-01-04,Premium
CUST-1132,"Aishwarya Rajesh",Female,31,Chennai,"Tamil Nadu",aish.r@gmail.com,9840044446,2026-01-12,Regular
CUST-1133,"Jayam Ravi",Male,41,Chennai,"Tamil Nadu",jayam.r@gmail.com,9840055557,2026-01-21,Regular
CUST-1134,"Andrea Jeremiah",Female,36,Chennai,"Tamil Nadu",andrea.j@gmail.com,9840066668,2026-01-29,Regular
CUST-1135,"Sivakarthikeyan Doss",Male,36,Singampunari,"Tamil Nadu",NULL,9842077779,2026-02-06,Premium
CUST-1136,"Varalaxmi Sarathkumar",Female,36,Chennai,"Tamil Nadu",vara.s@gmail.com,9840088880,2026-02-14,Regular
CUST-1137,"Arya Sekar",Male,40,Triplicane,"Tamil Nadu",arya.s@gmail.com,9840099991,2026-02-22,Regular
CUST-1138,"Sayyeshaa Saigal",Female,24,Mumbai,Maharashtra,sayyeshaa.s@gmail.com,9820000002,2026-03-01,New
CUST-1139,"Vishnu Vishal",Male,37,Vellore,"Tamil Nadu",vishnu.v@gmail.com,9842011113,2026-03-09,Regular
CUST-1140,"Atharvaa Murali",Male,32,Chennai,"Tamil Nadu",atharvaa.m@outlook.com,9840022224,2026-03-17,New
CUST-1141,"Amala Paul",Female,29,Ernakulam,Kerala,amala.p@gmail.com,NULL,2026-03-25,Regular
CUST-1142,"Ashok Selvan",Male,32,Erode,"Tamil Nadu",ashok.s@gmail.com,9842044446,2026-04-02,New
CUST-1143,"Janani Iyer",Female,31,Chennai,"Tamil Nadu",janani.i@gmail.com,9840055557,2026-04-10,New
CUST-1144,"Harish Kalyan",Male,31,Chennai,"Tamil Nadu",harish.k@gmail.com,9840066668,2026-04-18,New
CUST-1145,"Raashi Khanna",Female,30,Delhi,Delhi,raashi.k@yahoo.com,9810077779,2026-04-26,New
CUST-1146,"Vikram Prabhu",Male,35,Chennai,"Tamil Nadu",vikram.p@gmail.com,9840088880,2026-05-04,New
CUST-1147,"Regina Cassandra",Female,32,Chennai,"Tamil Nadu",regina.c@gmail.com,9840099991,2026-05-12,New
CUST-1148,"Gautham Karthik",Male,31,Chennai,"Tamil Nadu",gautham.k@gmail.com,NULL,2026-05-20,New
CUST-1149,"Nivedhithaa Sathish",Female,23,Chennai,"Tamil Nadu",nivedhithaa.s@gmail.com,9840011113,2026-05-28,New
CUST-1150,"Shanthnu Bhagyaraj",Male,35,Chennai,"Tamil Nadu",shanthnu.b@gmail.com,9840022224,2026-06-05,New
CUST-1151,"Manjima Mohan",Female,28,Palakkad,Kerala,manjima.m@gmail.com,9847033335,2026-06-13,New
CUST-1152,"Kalidas Jayaram",Male,27,Perumbavoor,Kerala,kalidas.j@gmail.com,9846044446,2026-06-21,New
CUST-1153,"Aishwarya Lekshmi",Female,30,Trivandrum,Kerala,aish.lekshmi@gmail.com,9847055557,2026-06-29,New
CUST-1154,"Shane Nigam",Male,26,Kochi,Kerala,shane.n@gmail.com,9846066668,2026-07-07,New
CUST-1155,"Anna Ben",Female,22,Kochi,Kerala,anna.b@outlook.com,NULL,2026-07-15,New
CUST-1156,"Roshan Mathew",Male,29,Changanassery,Kerala,roshan.m@gmail.com,9847088880,2026-07-23,New
CUST-1157,"Nimisha Sajayan",Female,24,Mumbai,Maharashtra,nimisha.s@gmail.com,9820099991,2026-07-31,New
CUST-1158,"Arjun Das",Male,30,Chennai,"Tamil Nadu",arjun.d@gmail.com,9840000003,2026-08-08,New
CUST-1159,"Dushara Vijayan",Female,23,Dindigul,"Tamil Nadu",dushara.v@gmail.com,9842011114,2026-08-16,New
CUST-1160,"K Manikandan",Male,31,Chennai,"Tamil Nadu",manikandan.k@gmail.com,9840022225,2026-08-24,New
CUST-1161,"Rupesh Shah",Male,44,Ahmedabad,Gujarat,rupesh.s@gmail.com,9898011222,2023-01-20,Regular
CUST-1162,"Alka Yagnik",Female,55,Kolkata,"West Bengal",alka.y@gmail.com,9830022333,2023-02-15,Regular
CUST-1163,"Udit Narayan",Male,58,Patna,Bihar,NULL,9334033444,2023-03-10,Inactive
CUST-1164,"Kumar Sanu",Male,60,Kolkata,"West Bengal",sanu.k@yahoo.com,9830044555,2023-04-05,Regular
CUST-1165,"Shreya Ghoshal",Female,37,Rawatbhata,Rajasthan,shreya.g@gmail.com,9414055666,2023-05-01,Premium
CUST-1166,"Sunidhi Chauhan",Female,38,Delhi,Delhi,sunidhi.c@gmail.com,9810066777,2023-05-20,Regular
CUST-1167,"Sonu Nigam",Male,48,Faridabad,Haryana,sonu.n@gmail.com,9811077888,2023-06-15,Premium
CUST-1168,"Neha Kakkar",Female,33,Rishikesh,Uttarakhand,neha.k@gmail.com,9412088999,2023-07-10,Regular
CUST-1169,"Arijit Singh",Male,34,Jiaganj,"West Bengal",arijit.s@gmail.com,9830099000,2023-08-05,Premium
CUST-1170,"Monali Thakur",Female,36,Kolkata,"West Bengal",NULL,9830011224,2023-09-01,Regular
CUST-1171,"Badshah Singh",Male,36,Delhi,Delhi,badshah.s@gmail.com,9810022335,2023-09-20,Regular
CUST-1172,"Raftaar Nair",Male,33,Delhi,Delhi,raftaar.n@gmail.com,9810033446,2023-10-15,Regular
CUST-1173,"Divine Fernandes",Male,32,Mumbai,Maharashtra,divine.f@gmail.com,9820044557,2023-11-10,Regular
CUST-1174,"Naezy Shah",Male,29,Mumbai,Maharashtra,naezy.s@gmail.com,9820055668,2023-12-05,Regular
CUST-1175,"MC Stan",Male,22,Pune,Maharashtra,mc.stan@gmail.com,9822066779,2024-01-01,Regular
CUST-1176,"Emiway Bantai",Male,26,Mumbai,Maharashtra,NULL,9820077880,2024-01-20,New
CUST-1177,"Krsna Kaul",Male,34,Delhi,Delhi,krsna.k@gmail.com,9810088991,2024-02-15,Regular
CUST-1178,"Raja Kumari",Female,35,Bengaluru,Karnataka,raja.k@gmail.com,9845099002,2024-03-10,Regular
CUST-1179,"Prabh Deep",Male,28,Delhi,Delhi,prabh.d@gmail.com,9810011225,2024-04-05,Regular
CUST-1180,"Seedhe Maut",Male,25,Delhi,Delhi,seedhe.m@gmail.com,9810022336,2024-05-01,Regular
CUST-1181,"Bhuvan Bam",Male,28,Delhi,Delhi,bhuvan.b@gmail.com,9810033447,2024-05-20,Premium
CUST-1182,"Ashish Chanchlani",Male,28,Ulhasnagar,Maharashtra,ashish.c@gmail.com,9820044558,2024-06-15,Regular
CUST-1183,"Carry Minati",Male,22,Faridabad,Haryana,NULL,9811055669,2024-07-10,Regular
CUST-1184,"Prajakta Koli",Female,28,Thane,Maharashtra,prajakta.k@gmail.com,9820066770,2024-08-05,Regular
CUST-1185,"Harsh Beniwal",Male,26,Delhi,Delhi,harsh.b@gmail.com,9810077881,2024-09-01,Regular
CUST-1186,"Amit Bhadana",Male,27,Delhi,Delhi,amit.b@gmail.com,9810088992,2024-09-20,Regular
CUST-1187,"Gaurav Taneja",Male,36,Delhi,Delhi,gaurav.t@gmail.com,9810099003,2024-10-15,Premium
CUST-1188,"Technical Guruji",Male,31,Ajmer,Rajasthan,gaurav.c@gmail.com,9414011226,2024-11-10,Premium
CUST-1189,"Sandeep Maheshwari",Male,41,Delhi,Delhi,sandeep.m@gmail.com,9810022337,2024-12-05,Regular
CUST-1190,"Vivek Bindra",Male,39,Delhi,Delhi,NULL,9810033448,2025-01-01,Inactive
CUST-1191,"Ankur Warikoo",Male,41,Delhi,Delhi,ankur.w@gmail.com,9810044559,2025-01-20,Regular
CUST-1192,"Tanmay Bhat",Male,34,Mumbai,Maharashtra,tanmay.b@gmail.com,9820055660,2025-02-15,Regular
CUST-1193,"Samay Raina",Male,24,Jammu,"Jammu and Kashmir",samay.r@gmail.com,9419066771,2025-03-10,Regular
CUST-1194,"Biswa Kalyan",Male,32,Rourkela,Odisha,biswa.k@gmail.com,9437077882,2025-04-05,Regular
CUST-1195,"Kanan Gill",Male,32,Bengaluru,Karnataka,kanan.g@gmail.com,9845088993,2025-05-01,Regular
CUST-1196,"Kenny Sebastian",Male,31,Bengaluru,Karnataka,kenny.s@gmail.com,9845099004,2025-05-20,Regular
CUST-1197,"Zakir Khan",Male,34,Indore,"Madhya Pradesh",zakir.k@gmail.com,NULL,2025-06-15,Premium
CUST-1198,"Abish Mathew",Male,35,Noida,"Uttar Pradesh",abish.m@gmail.com,9818011227,2025-07-10,Regular
CUST-1199,"Anubhav Singh",Male,31,Khurja,"Uttar Pradesh",anubhav.s@gmail.com,9412022338,2025-08-05,Regular
CUST-1200,"Harsh Gujral",Male,28,Kanpur,"Uttar Pradesh",harsh.g@gmail.com,9839033449,2025-09-01,New
