order_item_id,order_id,product_id,quantity,unit_price,discount_percent,line_total
1,ORD-3001,PROD-2003,1,3499.00,5,3324.00
2,ORD-3001,PROD-2004,1,52990.00,10,47691.00
3,ORD-3002,PROD-2005,2,1899.00,0,3798.00
4,ORD-3002,PROD-2006,1,1299.00,5,1234.00
5,ORD-3003,PROD-2007,1,6499.00,8,5979.00
6,ORD-3003,PROD-2008,2,2499.00,5,4748.00
7,ORD-3004,PROD-2009,1,2199.00,0,2199.00
8,ORD-3004,PROD-2010,1,74999.00,10,67499.00
9,ORD-3005,PROD-2011,2,1499.00,5,2848.00
10,ORD-3005,PROD-2003,1,3499.00,10,3149.00
11,ORD-3006,PROD-2004,1,52990.00,5,50341.00
12,ORD-3006,PROD-2005,2,1899.00,8,3494.00
13,ORD-3007,PROD-2006,1,1299.00,0,1299.00
14,ORD-3007,PROD-2007,2,6499.00,5,12348.00
15,ORD-3008,PROD-2008,1,2499.00,10,2249.00
16,ORD-3008,PROD-2009,2,2199.00,5,4178.00
17,ORD-3009,PROD-2010,1,74999.00,8,68999.00
18,ORD-3009,PROD-2011,1,1499.00,0,1499.00
19,ORD-3010,PROD-2003,2,3499.00,5,6648.00
20,ORD-3010,PROD-2006,1,1299.00,10,1169.00
21,ORD-3011,PROD-2004,1,52990.00,8,48751.00
22,ORD-3011,PROD-2008,1,2499.00,5,2374.00
23,ORD-3012,PROD-2005,3,1899.00,10,5127.00
24,ORD-3012,PROD-2007,1,6499.00,0,6499.00
25,ORD-3013,PROD-2009,2,2199.00,5,4178.00
26,ORD-3013,PROD-2010,1,74999.00,5,71249.00
27,ORD-3014,PROD-2011,1,1499.00,10,1349.00
28,ORD-3014,PROD-2003,2,3499.00,0,6998.00
29,ORD-3015,PROD-2004,1,52990.00,5,50341.00
30,ORD-3015,PROD-2006,2,1299.00,8,2389.00
31,ORD-3016,PROD-2007,1,6499.00,10,5849.00
32,ORD-3016,PROD-2008,1,2499.00,0,2499.00
33,ORD-3017,PROD-2009,2,2199.00,8,4046.00
34,ORD-3017,PROD-2011,1,1499.00,5,1424.00
35,ORD-3018,PROD-2010,1,74999.00,10,67499.00
36,ORD-3018,PROD-2005,2,1899.00,5,3608.00
37,ORD-3019,PROD-2003,1,3499.00,0,3499.00
38,ORD-3019,PROD-2007,2,6499.00,5,12348.00
39,ORD-3020,PROD-2004,1,52990.00,10,47691.00
40,ORD-3020,PROD-2008,2,2499.00,5,4748.00
41,ORD-3021,PROD-2006,1,1299.00,0,1299.00
42,ORD-3021,PROD-2009,1,2199.00,5,2089.00
43,ORD-3022,PROD-2010,1,74999.00,8,68999.00
44,ORD-3022,PROD-2011,2,1499.00,10,2698.00
45,ORD-3023,PROD-2003,3,3499.00,5,9972.00
46,ORD-3023,PROD-2005,1,1899.00,0,1899.00
47,ORD-3024,PROD-2007,1,6499.00,5,6174.00
48,ORD-3024,PROD-2008,1,2499.00,10,2249.00
49,ORD-3025,PROD-2004,1,52990.00,5,50341.00
50,ORD-3025,PROD-2010,1,74999.00,0,74999.00
