product_id,product_name,category_id,brand,price,cost_price,launch_date,rating,stock_quantity
PROD-2001,"Wireless Noise Cancelling Headphones",CAT-101,Sony,14999.00,9500.00,2023-01-10,4.7,45
PROD-2002,"Smart Watch Series 7",CAT-101,Apple,41900.00,31000.00,2023-02-15,4.8,18
PROD-2003,"Portable Bluetooth Speaker",CAT-101,JBL,3499.00,2100.00,2023-03-01,4.3,120
PROD-2004,"4K Ultra HD Smart LED TV 55 inch",CAT-101,Samsung,52990.00,38000.00,2023-04-12,4.5,12
PROD-2005,"Fast Charging Power Bank 20000mAh",CAT-101,Mi,1899.00,1100.00,2023-05-20,4.2,250
PROD-2006,"Ergonomic Wireless Mouse",CAT-101,Logitech,1299.00,750.00,2023-06-08,4.4,85
PROD-2007,"Mechanical Gaming Keyboard",CAT-101,Razer,6499.00,4200.00,2023-07-15,4.6,30
PROD-2008,"True Wireless Earbuds ANC",CAT-101,Boat,2499.00,1200.00,2023-08-22,3.9,310
PROD-2009,"1080p Web Camera with Mic",CAT-101,Lenovo,2199.00,1300.00,2023-09-05,3.8,65
PROD-2010,"Slim Gaming Laptop 15.6 inch",CAT-101,ASUS,74999.00,58000.00,2023-10-18,4.6,8
PROD-2011,"Men Regular Fit Solid Cotton Shirt",CAT-102,"Allen Solly",1499.00,650.00,2023-01-12,4.1,140
PROD-2012,"Women Anarkali Kurta Set",CAT-102,Biba,2999.00,1300.00,2023-02-18,4.4,90
PROD-2013,"Men Slim Fit Denim Jeans",CAT-102,Levis,2499.00,1200.00,2023-03-05,4.3,110
PROD-2014,"Women Printed Floral Dress",CAT-102,"VERO MODA",1999.00,850.00,2023-04-09,4.0,75
PROD-2015,"Unisex Cotton Hooded Sweatshirt",CAT-102,Puma,2199.00,1000.00,2023-05-14,4.5,60
PROD-2016,"Men Running Shoes",CAT-102,Nike,4595.00,2600.00,2023-06-21,4.6,40
PROD-2017,"Women Casual Sneakers",CAT-102,Adidas,3899.00,2100.00,2023-07-29,4.2,55
PROD-2018,"Pure Silk Kanjeevaram Saree",CAT-102,FabIndia,8999.00,4800.00,2023-08-11,4.7,15
PROD-2019,"Men Formal Leather Shoes",CAT-102,Bata,2299.00,1150.00,2023-09-17,3.9,80
PROD-2020,"Women Sports Bra High Support",CAT-102,Decathlon,899.00,400.00,2023-10-02,4.3,180
PROD-2021,"Stainless Steel Pressure Cooker 5L",CAT-103,Hawkins,2250.00,1400.00,2023-01-08,4.6,95
PROD-2022,"Non-Stick Cookware Set 3 Pcs",CAT-103,Prestige,2799.00,1600.00,2023-02-14,4.2,65
PROD-2023,"750W Mixer Grinder with 4 Jars",CAT-103,Philips,4299.00,2700.00,2023-03-22,4.4,50
PROD-2024,"Electric Kettle 1.5L",CAT-103,Pigeon,799.00,420.00,2023-04-16,3.9,210
PROD-2025,"Digital Microwave Oven 20L",CAT-103,IFB,7490.00,5100.00,2023-05-19,4.3,22
PROD-2026,"RO Water Purifier 7L",CAT-103,Kent,14500.00,9800.00,2023-06-25,4.5,18
PROD-2027,"Cotton Double Bedsheet with Pillow Covers",CAT-103,"Bombay Dyeing",1299.00,600.00,2023-07-04,4.1,130
PROD-2028,"Stainless Steel Dinner Set 36 Pcs",CAT-103,Milton,3199.00,1900.00,2023-08-30,4.4,45
PROD-2029,"Automatic Vacuum Cleaner Robot",CAT-103,Ecovacs,21999.00,15000.00,2023-09-12,4.0,9
PROD-2030,"Aroma Oil Diffuser Humidifier",CAT-103,Solimo,999.00,450.00,2023-10-05,3.7,160
PROD-2031,"Vitamin C Face Serum 30ml",CAT-104,Mamaearth,599.00,220.00,2023-01-19,4.1,280
PROD-2032,"Hydrating Moisturizer Cream 100g",CAT-104,Cetaphil,480.00,260.00,2023-02-23,4.6,200
PROD-2033,"Matte Liquid Lipstick",CAT-104,Maybelline,399.00,150.00,2023-03-11,4.3,350
PROD-2034,"Anti-Hairfall Shampoo 650ml",CAT-104,Tresemme,550.00,280.00,2023-04-28,4.2,190
PROD-2035,"All-in-One Trimmer for Men",CAT-104,Philips,1695.00,950.00,2023-05-07,4.5,85
PROD-2036,"Sunscreen Gel SPF 50 80g",CAT-104,"Derma Co",649.00,280.00,2023-06-16,4.4,240
PROD-2037,"Eau de Parfum Unisex 100ml",CAT-104,"Bella Vita",899.00,320.00,2023-07-20,3.8,175
PROD-2038,"Hair Straightener Brush",CAT-104,Havells,1899.00,1100.00,2023-08-03,4.0,60
PROD-2039,"Charcoal Face Wash 150ml",CAT-104,Garnier,249.00,110.00,2023-09-24,4.2,400
PROD-2040,"Organic Body Lotion 400ml",CAT-104,Nivea,399.00,190.00,2023-10-14,4.3,220
PROD-2041,"Leather Laptop Messenger Bag",CAT-105,Wildcraft,2499.00,1250.00,2023-01-25,4.3,70
PROD-2042,"Men Genuine Leather Wallet",CAT-105,Titan,995.00,450.00,2023-02-10,4.4,150
PROD-2043,"Analog Quartz Watch for Men",CAT-105,Fastrack,1895.00,900.00,2023-03-18,4.2,110
PROD-2044,"Women Designer Handbag",CAT-105,Lavie,1999.00,850.00,2023-04-03,4.1,80
PROD-2045,"Polarized Wayfarer Sunglasses",CAT-105,Ray-Ban,5890.00,3600.00,2023-05-29,4.7,35
PROD-2046,"Women Rose Gold Watch",CAT-105,Fossil,8495.00,5200.00,2023-06-12,4.6,25
PROD-2047,"Unisex Canvas Travel Backpack",CAT-105,Skybags,1499.00,700.00,2023-07-08,4.0,130
PROD-2048,"Men Reversible Leather Belt",CAT-105,Woodland,1295.00,580.00,2023-08-16,4.3,95
PROD-2049,"Anti-Theft Sling Bag",CAT-105,"Arctic Fox",899.00,390.00,2023-09-02,3.9,140
PROD-2050,"Sterling Silver Pendant Necklace",CAT-105,Giva,1799.00,750.00,2023-10-22,4.5,60
PROD-2051,"PVC Dumbbells Set 10kg",CAT-106,Kore,999.00,450.00,2023-01-14,3.8,110
PROD-2052,"Anti-Slip Yoga Mat 6mm",CAT-106,Boldfit,699.00,280.00,2023-02-28,4.3,230
PROD-2053,"Professional Badminton Racket",CAT-106,Yonex,2190.00,1200.00,2023-03-09,4.5,75
PROD-2054,"Football Size 5 Match Ball",CAT-106,Cosco,850.00,400.00,2023-04-22,4.1,120
PROD-2055,"Resistance Bands Set of 5",CAT-106,SMILE,499.00,180.00,2023-05-11,4.0,300
PROD-2056,"Motorized Treadmill 2HP",CAT-106,Fitkit,24999.00,17500.00,2023-06-30,4.2,7
PROD-2057,"Smart Skipping Rope with Counter",CAT-106,Strauss,399.00,150.00,2023-07-17,3.6,180
PROD-2058,"Adjustable Bench Press Table",CAT-106,Lifelong,4899.00,3100.00,2023-08-05,4.1,18
PROD-2059,"Cricket Bat English Willow",CAT-106,SG,6500.00,3900.00,2023-09-19,4.6,22
PROD-2060,"Whey Protein Isolate 1kg",CAT-106,MuscleBlaze,2899.00,1850.00,2023-10-10,4.4,90
PROD-2061,"Basmati Rice Premium 5kg",CAT-107,"India Gate",825.00,620.00,2023-01-05,4.6,320
PROD-2062,"Cold Pressed Sunflower Oil 5L",CAT-107,Fortune,780.00,610.00,2023-02-11,4.3,210
PROD-2063,"Organic Whole Wheat Atta 10kg",CAT-107,Aashirvaad,460.00,360.00,2023-03-15,4.5,400
PROD-2064,"Green Tea Lemon & Honey 100 Tea Bags",CAT-107,Lipton,450.00,270.00,2023-04-01,4.2,180
PROD-2065,"Instant Coffee Powder 200g",CAT-107,Nescafe,580.00,390.00,2023-05-18,4.7,260
PROD-2066,"Raw California Almonds 500g",CAT-107,Happilo,499.00,320.00,2023-06-04,4.4,290
PROD-2067,"Dark Chocolate Bar 70% 150g",CAT-107,Amul,150.00,95.00,2023-07-22,4.5,450
PROD-2068,"Organic Honey 500g",CAT-107,Dabur,240.00,150.00,2023-08-14,4.1,310
PROD-2069,"Extra Virgin Olive Oil 1L",CAT-107,Borges,1150.00,800.00,2023-09-28,4.3,85
PROD-2070,"Rolled Oats Container 1kg",CAT-107,Quaker,199.00,130.00,2023-10-11,4.4,330
PROD-2071,"Atomic Habits (Hardcover)",CAT-108,Penguin,599.00,310.00,2023-01-03,4.9,150
PROD-2072,"The Psychology of Money",CAT-108,Jaico,350.00,170.00,2023-02-17,4.8,220
PROD-2073,"Rich Dad Poor Dad",CAT-108,Plata,399.00,200.00,2023-03-25,4.7,190
PROD-2074,"Hardbound Executive Journal A5",CAT-108,Classmate,299.00,120.00,2023-04-10,4.3,260
PROD-2075,"Rollerball Pen Fine Point Pack of 5",CAT-108,Parker,450.00,210.00,2023-05-22,4.4,170
PROD-2076,"Ikigai: Japanese Secret to Long Life",CAT-108,Hachette,499.00,240.00,2023-06-19,4.6,140
PROD-2077,"Acrylic Paint Set 24 Colors",CAT-108,Camel,380.00,200.00,2023-07-27,4.2,110
PROD-2078,"Scientific Calculator FX-991EX",CAT-108,Casio,1495.00,1000.00,2023-08-09,4.7,65
PROD-2079,"Desk Organizer Mesh Steel",CAT-108,AmazonBasics,599.00,280.00,2023-09-15,4.1,95
PROD-2080,"Highlighter Pens Pastel Pack of 6",CAT-108,Faber-Castell,220.00,100.00,2023-10-25,4.5,280
PROD-2081,"Ergonomic High-Back Office Chair",CAT-109,"Green Soul",8999.00,5800.00,2023-01-22,4.5,25
PROD-2082,"Solid Sheesham Wood Study Table",CAT-109,Wakefit,6499.00,4100.00,2023-02-08,4.3,18
PROD-2083,"Queen Size Bed with Storage",CAT-109,Durian,24999.00,16500.00,2023-03-30,4.4,10
PROD-2084,"3-Seater Fabric Sofa Charcoal",CAT-109,Nilkamal,18500.00,12000.00,2023-04-14,4.1,12
PROD-2085,"Foldable Wooden Laptop Desk",CAT-109,Portronics,1199.00,600.00,2023-05-03,3.9,140
PROD-2086,"Orthopedic Memory Foam Mattress Queen",CAT-109,"The Sleep Company",15999.00,10200.00,2023-06-27,4.7,15
PROD-2087,"Metal Shoe Rack 4 Tiers",CAT-109,DeckUp,1499.00,800.00,2023-07-11,3.8,85
PROD-2088,"Wooden Recliner Chair Single Seat",CAT-109,"Godrej Interio",21499.00,14800.00,2023-08-21,4.6,6
PROD-2089,"Bookshelf 5 Shelves Walnut Finish",CAT-109,Pepperfry,4299.00,2600.00,2023-09-08,4.0,22
PROD-2090,"Bean Bag Chair XXXL with Beans",CAT-109,Sattva,1899.00,950.00,2023-10-19,3.7,90
PROD-2091,"Building Blocks Set 500 Pcs",CAT-110,Lego,3499.00,2100.00,2023-01-29,4.8,55
PROD-2092,"Remote Control Racing Car 1:16",CAT-110,"Hot Wheels",1299.00,650.00,2023-02-16,4.0,110
PROD-2093,"Diaper Pants Monthly Box Size M",CAT-110,Pampers,1499.00,950.00,2023-03-04,4.6,250
PROD-2094,"Baby Wipes Gentle Cleansing 240 Pack",CAT-110,Huggies,349.00,180.00,2023-04-18,4.4,380
PROD-2095,"Monopoly Classic Board Game",CAT-110,Hasbro,999.00,520.00,2023-05-25,4.5,95
PROD-2096,"Soft Plush Teddy Bear 3 Feet",CAT-110,HugAboo,899.00,380.00,2023-06-10,4.2,130
PROD-2097,"Baby Stroller Light Weight Foldable",CAT-110,LuvLap,4899.00,3100.00,2023-07-02,4.3,20
PROD-2098,"Educational Talking Laptop Toy",CAT-110,VTech,1799.00,950.00,2023-08-18,3.8,45
PROD-2099,"Baby Bath Wash & Shampoo 400ml",CAT-110,Sebamed,680.00,420.00,2023-09-30,4.7,160
PROD-2100,"Wooden Abacus Learning Toy",CAT-110,Shumee,599.00,260.00,2023-10-08,4.1,90
PROD-2101,"Dry Dog Food Chicken & Rice 10kg",CAT-111,Pedigree,2100.00,1450.00,2023-01-07,4.5,120
PROD-2102,"Adult Cat Dry Food Ocean Fish 3kg",CAT-111,Whiskas,950.00,620.00,2023-02-21,4.4,140
PROD-2103,"Tofu Clumping Cat Litter 6L",CAT-111,"Emily Pets",650.00,380.00,2023-03-14,4.1,160
PROD-2104,"Dog Leash & Harness Set Nylon",CAT-111,HUFT,899.00,400.00,2023-04-26,4.3,95
PROD-2105,"Orthopedic Dog Bed Large",CAT-111,"Meat Up",2499.00,1350.00,2023-05-09,4.2,30
PROD-2106,"Anti-Tick Shampoo for Dogs 500ml",CAT-111,Himalaya,380.00,200.00,2023-06-14,4.3,200
PROD-2107,"Cat Scratching Post Tree Toy",CAT-111,Callas,1299.00,700.00,2023-07-23,3.9,45
PROD-2108,"Interactive Dog Squeaky Ball 3 Pack",CAT-111,Kong,499.00,220.00,2023-08-27,4.6,175
PROD-2109,"Wet Dog Food Chicken Pouch Pack of 12",CAT-111,Cesar,1080.00,720.00,2023-09-04,4.5,110
PROD-2110,"Pet Grooming Glove Brush",CAT-111,Deshedder,299.00,110.00,2023-10-16,3.7,240
PROD-2111,"Digital Car Tyre Inflator Air Pump",CAT-112,Bergmann,2899.00,1750.00,2023-01-16,4.4,65
PROD-2112,"High Pressure Car Washer 1400W",CAT-112,Bosch,6499.00,4300.00,2023-02-04,4.5,28
PROD-2113,"Full Face Motorbike Helmet DOT Certified",CAT-112,Studds,2250.00,1350.00,2023-03-29,4.3,80
PROD-2114,"Microfiber Car Cleaning Cloth Pack of 4",CAT-112,3M,399.00,160.00,2023-04-07,4.6,310
PROD-2115,"Car Dash Cam Full HD 1080p",CAT-112,70mai,4299.00,2800.00,2023-05-16,4.3,40
PROD-2116,"Magnetic Car Mobile Holder",CAT-112,Portronics,349.00,130.00,2023-06-22,3.8,260
PROD-2117,"Waterproof Car Body Cover",CAT-112,Autofurnish,1499.00,800.00,2023-07-19,3.6,70
PROD-2118,"Tubeless Tyre Puncture Repair Kit",CAT-112,"Formula 1",299.00,120.00,2023-08-12,4.2,220
PROD-2119,"Car Vacuum Cleaner High Power",CAT-112,Rrimin,1299.00,650.00,2023-09-21,3.9,105
PROD-2120,"Car Seat Cushion Memory Foam",CAT-112,FOSTERS,999.00,480.00,2023-10-28,4.1,90
PROD-2121,"Digital Blood Pressure Monitor",CAT-113,Omron,2199.00,1350.00,2023-01-28,4.6,90
PROD-2122,"Fingertip Pulse Oximeter OLED",CAT-113,"Dr Trust",999.00,450.00,2023-02-12,4.2,160
PROD-2123,"Multivitamin Capsules for Men 60s",CAT-113,HealthKart,549.00,230.00,2023-03-20,4.3,270
PROD-2124,"Fish Oil Omega 3 1000mg 90 Softgels",CAT-113,"WOW Life Science",699.00,310.00,2023-04-11,4.4,210
PROD-2125,"Electric Body Massager Gun",CAT-113,Caresmith,2499.00,1300.00,2023-05-30,4.1,50
PROD-2126,"Digital Weighing Scale Body Fat Analyzer",CAT-113,HealthSense,1399.00,750.00,2023-06-09,4.2,115
PROD-2127,"Plant Based Protein Powder 500g",CAT-113,Oziva,1499.00,850.00,2023-07-14,4.0,80
PROD-2128,"Chyawanprash Special 1kg",CAT-113,Dabur,375.00,240.00,2023-08-23,4.7,300
PROD-2129,"Infrared Thermometer Non-Contact",CAT-113,Microtek,1199.00,580.00,2023-09-11,3.7,130
PROD-2130,"Knee Cap Compression Support Pair",CAT-113,Tynor,450.00,200.00,2023-10-04,4.5,220
PROD-2131,"Hard Body Trolley Luggage 65cm",CAT-114,"American Tourister",4299.00,2400.00,2023-01-21,4.5,45
PROD-2132,"Softside Medium Suitcase 55cm",CAT-114,VIP,2999.00,1600.00,2023-02-26,4.1,60
PROD-2133,"Cabin Size Polycarbonate Suitcase",CAT-114,Safari,2499.00,1300.00,2023-03-17,4.2,85
PROD-2134,"Waterproof Travel Duffel Bag 45L",CAT-114,Wildcraft,1299.00,650.00,2023-04-25,4.3,110
PROD-2135,"Memory Foam Travel Neck Pillow",CAT-114,Fabeazy,599.00,240.00,2023-05-13,4.0,190
PROD-2136,"Universal Travel Adapter All-in-One",CAT-114,rts,799.00,360.00,2023-06-28,4.2,230
PROD-2137,"Travel Packing Cubes Set of 6",CAT-114,"House of Quirk",699.00,290.00,2023-07-16,4.4,150
PROD-2138,"Leather Passport Holder Cover",CAT-114,Horra,399.00,150.00,2023-08-07,3.9,170
PROD-2139,"Trekking Rucksack Backpack 60L",CAT-114,Tripole,2899.00,1600.00,2023-09-18,4.6,25
PROD-2140,"Digital Luggage Scale Portable",CAT-114,Bulfyss,449.00,180.00,2023-10-12,4.1,140
PROD-2141,"PlayStation 5 Console Digital Edition",CAT-115,Sony,44990.00,37000.00,2023-01-31,4.9,5
PROD-2142,"Wireless Bluetooth Gaming Controller",CAT-115,Redgear,1499.00,800.00,2023-02-09,4.1,120
PROD-2143,"RGB Over-Ear Gaming Headset",CAT-115,"Cosmic Byte",1899.00,950.00,2023-03-27,4.2,95
PROD-2144,"Xbox Series X Wireless Controller",CAT-115,Microsoft,5399.00,3900.00,2023-04-30,4.7,22
PROD-2145,"Gaming Mouse Pad XL Desk Mat",CAT-115,"Ant Esports",499.00,210.00,2023-05-17,4.4,210
PROD-2146,"VR Headset for Smartphone 3D",CAT-115,Ishine,1299.00,600.00,2023-06-03,3.2,40
PROD-2147,"Catan Strategy Board Game",CAT-115,KOSMOS,3299.00,1900.00,2023-07-21,4.8,35
PROD-2148,"Handheld Retro Video Game Console",CAT-115,Evo,899.00,390.00,2023-08-25,3.5,80
PROD-2149,"Racing Wheel with Foot Pedals",CAT-115,Thrustmaster,18990.00,13500.00,2023-09-29,4.5,8
PROD-2150,"Streaming Microphone Condenser",CAT-115,Fifine,3299.00,1900.00,2023-10-31,4.4,50
